<?xml version="1.0" encoding="UTF-8"?>
<project-private xmlns="http://www.netbeans.org/ns/project-private/1">
    <editor-bookmarks xmlns="http://www.netbeans.org/ns/editor-bookmarks/2" lastBookmarkId="0"/>
    <open-files xmlns="http://www.netbeans.org/ns/projectui-open-files/2">
        <group>
            <file>file:/C:/xampp/htdocs/dSlambook/package/details/phpsblikes.php</file>
            <file>file:/C:/xampp/htdocs/dSlambook/package/servlets/posts/unlikepost.php</file>
            <file>file:/C:/xampp/htdocs/dSlambook/js/dsbjs/dsbjs/home.js</file>
            <file>file:/C:/xampp/htdocs/dSlambook/user-timeline.php</file>
            <file>file:/C:/xampp/htdocs/dSlambook/package/servlets/posts/likepost.php</file>
            <file>file:/C:/xampp/htdocs/dSlambook/package/details/phpsbstatus.php</file>
            <file>file:/C:/xampp/htdocs/dSlambook/home.php</file>
            <file>file:/C:/xampp/htdocs/dSlambook/js/dsbjs/dsbjs/user-timeline.js</file>
        </group>
    </open-files>
</project-private>
